<?xml version="1.0" encoding="utf-8"?>
<resources>

    <color name="colorPrimary">#3f51b5</color>
    <color name="colorPrimaryDark">#303f9f</color>
    <color name="colorAccent">#ff4081</color>
    <color name="actionbar_text">#FFFFFF</color>
    <color name="black">#000000</color>
    <color name="red">#FF0F00</color>
    <color name="yellow">#F6FF00</color>
    <color name="grey">#A1A1A1</color>
    <color name="blue">#06ABFF</color>
    <color name="green">#00FF0F</color>
    <color name="purple">#E700FF</color>
    <color name="pink">#FF02BB</color>
    <color name="brown">#9B1000</color>
    <color name="white">#FFFFFF</color>
    <color name="orange">#FF8700</color>
    
</resources>
