<?xml version="1.0" encoding="utf-8"?>
<resources>
    
    <!--<style name="LogoActivityTheme" parent="@android:style/Theme.NoTitleBar.Fullscreen"></style>
    
    <style name="MainActivityTheme" parent="@android:style/Theme.Holo.Light.DarkActionBar">
        <item name="android:actionBarStyle">@style/MainActivityActionBar</item>
    </style>
    
    <style name="MainActivityActionBar" parent="@android:style/Widget.Holo.Light.ActionBar.Solid.Inverse">
        <item name="android:background">@drawable/action_background</item>
    </style>-->

</resources>
