<?xml version="1.0" encoding="utf-8"?>
<resources>

    <style name="AppLightTheme" parent="@android:style/Theme.Holo.Light"></style>
    
    <style name="AppDarkTheme" parent="@android:style/Theme.Material.Light.DarkActionBar">
        <item name="android:colorPrimary">@color/colorPrimary</item>
        <item name="android:colorPrimaryDark">@color/colorPrimaryDark</item>
        <item name="android:colorAccent">@color/colorAccent</item>
        <item name="android:navigationBarColor">@color/colorPrimary</item>
    </style>
 
    <style name="LogoActivityTheme" parent="@android:style/Theme.NoTitleBar.Fullscreen">
        <!--<item name="android:textColorPrimary">@color/black</item>-->
    </style>

    <style name="MainActivityTheme" parent="@android:style/Theme.Holo.Light.DarkActionBar">
        <item name="android:actionBarStyle">@style/MainActivityActionBar</item>
        <!--<item name="android:actionMenuTextColor">@color/actionbar_text</item>-->
    </style>

    <style name="MainActivityActionBar" parent="@android:style/Widget.Holo.Light.ActionBar.Solid.Inverse">
        <item name="android:background">@drawable/action_background</item>
    </style>

</resources>
